{
    "Price-CAT": {
        "Rates": [
            0.053265, 
            0.073012, 
            0.10008, 
            0.137182, 
            0.188039, 
            0.25775, 
            0.353304, 
            0.484283, 
            0.66382, 
            0.909915, 
            1.247243, 
            1.709628, 
            2.343431, 
            3.212201, 
            4.403047, 
            6.035368, 
            8.272835, 
            11.339787, 
            15.543736, 
            21.306196
        ], 
        "SiteCategories": [
            11, 
            11, 
            12, 
            13, 
            13, 
            12, 
            10, 
            11, 
            12, 
            10, 
            12, 
            10, 
            10, 
            9, 
            11, 
            12, 
            10, 
            9, 
            10, 
            11, 
            12, 
            7, 
            12, 
            13, 
            12, 
            11, 
            12, 
            13, 
            12, 
            9, 
            12, 
            11, 
            12, 
            11, 
            9, 
            10, 
            10, 
            6, 
            9, 
            6, 
            12, 
            7, 
            7, 
            9, 
            9, 
            6, 
            5, 
            8, 
            8, 
            6, 
            8, 
            12, 
            5, 
            8, 
            9, 
            5, 
            5, 
            8, 
            9, 
            8, 
            8, 
            9, 
            7, 
            11, 
            7, 
            8, 
            11, 
            12, 
            9, 
            9, 
            10, 
            10, 
            6, 
            10, 
            11, 
            8, 
            10, 
            13, 
            12, 
            8, 
            13, 
            12, 
            11, 
            8, 
            10, 
            7, 
            13, 
            8, 
            4, 
            8, 
            12, 
            12, 
            12, 
            12, 
            11, 
            9, 
            10, 
            14, 
            8, 
            8, 
            7, 
            12, 
            6, 
            6, 
            11, 
            12, 
            8, 
            8, 
            10, 
            11, 
            11, 
            9, 
            11, 
            9, 
            5, 
            11, 
            9, 
            9, 
            10, 
            12, 
            9, 
            10, 
            12, 
            10, 
            12, 
            8, 
            11, 
            6, 
            10, 
            12, 
            8, 
            6, 
            12, 
            13, 
            10, 
            10, 
            11, 
            8, 
            12, 
            7, 
            12, 
            12, 
            12, 
            8, 
            8, 
            11, 
            13, 
            6, 
            10, 
            13, 
            11, 
            12, 
            8, 
            9, 
            10, 
            11, 
            9, 
            10, 
            12, 
            4, 
            9, 
            10, 
            11, 
            9, 
            10, 
            11, 
            12, 
            9, 
            10, 
            9, 
            9, 
            8, 
            13, 
            11, 
            8, 
            11, 
            10, 
            9, 
            8, 
            11, 
            5, 
            5, 
            10, 
            10, 
            8, 
            10, 
            12, 
            7, 
            8, 
            5, 
            8, 
            9, 
            8, 
            5, 
            8, 
            6, 
            8, 
            6, 
            10, 
            8, 
            6, 
            9, 
            7, 
            7, 
            9, 
            7, 
            7, 
            8, 
            9, 
            9, 
            9, 
            7, 
            9, 
            9, 
            7, 
            8, 
            9, 
            8, 
            9, 
            9, 
            10, 
            8, 
            10, 
            9, 
            11, 
            11, 
            10, 
            10, 
            10, 
            12, 
            8, 
            10, 
            12, 
            12, 
            8, 
            12, 
            12, 
            9, 
            12, 
            12, 
            12, 
            13, 
            12, 
            12, 
            14, 
            14, 
            14
        ], 
        "n_cats": 20
    }, 
    "empirical_frequencies": false, 
    "datatype": "AA", 
    "subs_model": "JTT", 
    "program": "FastTree Version 2.1.10 SSE3, OpenMP (4 threads)", 
    "ras_model": "Price-CAT"
}